{"cameraMode":{"drawMode":0,"name":"Shaded","section":"Shading Mode"},"sceneLighting":false,"audioPlay":false,"sceneViewState":{"showFog":true,"showMaterialUpdate":false,"showSkybox":false,"showFlares":true,"showImageEffects":true,"showParticleSystems":true},"in2DMode":false,"pivot":{"x":-0.030426025390625,"y":3.2939453125,"z":-2.068359375},"rotation":{"x":0.42486321926116946,"y":0.0067893266677856449,"z":-0.003186533460393548,"w":0.9052265286445618},"size":2.8578836917877199,"orthographic":true}