{"cameraMode":{"drawMode":0,"name":"Shaded","section":"Shading Mode"},"sceneLighting":true,"audioPlay":false,"sceneViewState":{"showFog":true,"showMaterialUpdate":false,"showSkybox":true,"showFlares":true,"showImageEffects":true,"showParticleSystems":true},"in2DMode":false,"pivot":{"x":-0.22189903259277345,"y":2.8045654296875,"z":-2.6304931640625},"rotation":{"x":0.42486321926116946,"y":0.0067893266677856449,"z":-0.003186533460393548,"w":0.9052265286445618},"size":1.251539707183838,"orthographic":true}